Workbook

Sheet Sheet3
A1: Day | B1: Month | C1: Country | D1: Prouduct ID | E1: Product Name | F1: Brand Name | G1: Price ($) | H1: Price Range | I1: Quantity | J1: Category | N1: SUMMARY OF TASK | O1: RESULT
A2: =LEFT(Sheet1!A2,2) -> 28 | B2: =MID(Sheet1!A2,4,3) -> JAN | C2: =RIGHT(Sheet1!A2,2) -> US | D2: =CONCATENATE(A2,"-",B2,"-",C2) -> 28-JAN-US | E2: Laptop | F2: Dell | G2: 1000 | H2: =IF(G2>=500,"High Price","Standard Price") -> High Price | I2: 30 | J2: Electronics | N2: TOTAL PRICE | O2: =SUM(G2:G35) -> 10100
A3: =LEFT(Sheet1!A3,2) -> 15 | B3: =MID(Sheet1!A3,4,3) -> FEB | C3: =RIGHT(Sheet1!A3,2) -> US | D3: =CONCATENATE(A3,"-",B3,"-",C3) -> 15-FEB-US | E3: Sneakers | F3: Nike | G3: 80 | H3: =IF(G3>=500,"High Price","Standard Price") -> Standard Price | I3: 15 | J3: Fashion
A4: =LEFT(Sheet1!A4,2) -> 03 | B4: =MID(Sheet1!A4,4,3) -> MAR | C4: =RIGHT(Sheet1!A4,2) -> US | D4: =CONCATENATE(A4,"-",B4,"-",C4) -> 03-MAR-US | E4: Coffee Maker | F4: Keurig | G4: 130 | H4: =IF(G4>=500,"High Price","Standard Price") -> Standard Price | I4: 40 | J4: Kitchen | N4: COUNT OF PRODUCTS | O4: =COUNTA(E2:E35) -> 34
A5: =LEFT(Sheet1!A5,2) -> 11 | B5: =MID(Sheet1!A5,4,3) -> APR | C5: =RIGHT(Sheet1!A5,2) -> US | D5: =CONCATENATE(A5,"-",B5,"-",C5) -> 11-APR-US | E5: Smartphone | F5: Samsung | G5: 900 | H5: =IF(G5>=500,"High Price","Standard Price") -> High Price | I5: 25 | J5: Electronics
A6: =LEFT(Sheet1!A6,2) -> 22 | B6: =MID(Sheet1!A6,4,3) -> MAY | C6: =RIGHT(Sheet1!A6,2) -> US | D6: =CONCATENATE(A6,"-",B6,"-",C6) -> 22-MAY-US | E6: Backpack | F6: North Face | G6: 70 | H6: =IF(G6>=500,"High Price","Standard Price") -> Standard Price | I6: 20 | J6: Outdoor | N6: AVERAGE PRICE | O6: =AVERAGE(G2:G35) -> 297.05882
A7: =LEFT(Sheet1!A7,2) -> 07 | B7: =MID(Sheet1!A7,4,3) -> JUN | C7: =RIGHT(Sheet1!A7,2) -> UK | D7: =CONCATENATE(A7,"-",B7,"-",C7) -> 07-JUN-UK | E7: Headphones | F7: Sony | G7: 200 | H7: =IF(G7>=500,"High Price","Standard Price") -> Standard Price | I7: 45 | J7: Electronics
A8: =LEFT(Sheet1!A8,2) -> 19 | B8: =MID(Sheet1!A8,4,3) -> JUL | C8: =RIGHT(Sheet1!A8,2) -> UK | D8: =CONCATENATE(A8,"-",B8,"-",C8) -> 19-JUL-UK | E8: T-shirt | F8: Adidas | G8: 30 | H8: =IF(G8>=500,"High Price","Standard Price") -> Standard Price | I8: 5 | J8: Fashion | N8: MINIMUM PRICE | O8: =MIN(G2:G35) -> 30
A9: =LEFT(Sheet1!A9,2) -> 23 | B9: =MID(Sheet1!A9,4,3) -> AUG | C9: =RIGHT(Sheet1!A9,2) -> UK | D9: =CONCATENATE(A9,"-",B9,"-",C9) -> 23-AUG-UK | E9: Blender | F9: Ninja | G9: 90 | H9: =IF(G9>=500,"High Price","Standard Price") -> Standard Price | I9: 35 | J9: Kitchen
A10: =LEFT(Sheet1!A10,2) -> 05 | B10: =MID(Sheet1!A10,4,3) -> SEP | C10: =RIGHT(Sheet1!A10,2) -> UK | D10: =CONCATENATE(A10,"-",B10,"-",C10) -> 05-SEP-UK | E10: Tablet | F10: Apple | G10: 500 | H10: =IF(G10>=500,"High Price","Standard Price") -> High Price | I10: 50 | J10: Electronics | N10: MAXIMUM PRICE | O10: =MAX(G2:G35) -> 1000
A11: =LEFT(Sheet1!A11,2) -> 14 | B11: =MID(Sheet1!A11,4,3) -> OCT | C11: =RIGHT(Sheet1!A11,2) -> UK | D11: =CONCATENATE(A11,"-",B11,"-",C11) -> 14-OCT-UK | E11: Hiking Boots | F11: Timberland | G11: 130 | H11: =IF(G11>=500,"High Price","Standard Price") -> Standard Price | I11: 10 | J11: Outdoor
A12: =LEFT(Sheet1!A12,2) -> 17 | B12: =MID(Sheet1!A12,4,3) -> JUN | C12: =RIGHT(Sheet1!A12,2) -> IN | D12: =CONCATENATE(A12,"-",B12,"-",C12) -> 17-JUN-IN | E12: Laptop | F12: HP | G12: 950 | H12: =IF(G12>=500,"High Price","Standard Price") -> High Price | I12: 25 | J12: Electronics | N12: TOTAL ELECTRONIC PRICE (SUMIF) | O12: =SUMIF(J2:J35,"Electronics",G2:G35) -> 8050
A13: =LEFT(Sheet1!A13,2) -> 25 | B13: =MID(Sheet1!A13,4,3) -> NOV | C13: =RIGHT(Sheet1!A13,2) -> AU | D13: =CONCATENATE(A13,"-",B13,"-",C13) -> 25-NOV-AU | E13: Sneakers | F13: Adidas | G13: 90 | H13: =IF(G13>=500,"High Price","Standard Price") -> Standard Price | I13: 40 | J13: Fashion
A14: =LEFT(Sheet1!A14,2) -> 08 | B14: =MID(Sheet1!A14,4,3) -> DEC | C14: =RIGHT(Sheet1!A14,2) -> DE | D14: =CONCATENATE(A14,"-",B14,"-",C14) -> 08-DEC-DE | E14: Coffee Maker | F14: Nespresso | G14: 120 | H14: =IF(G14>=500,"High Price","Standard Price") -> Standard Price | I14: 35 | J14: Kitchen | N14: COUNTIF (Price Less than $100) | O14: =COUNTIF(G2:G35,"<100") -> 11
A15: =LEFT(Sheet1!A15,2) -> 18 | B15: =MID(Sheet1!A15,4,3) -> FEB | C15: =RIGHT(Sheet1!A15,2) -> CA | D15: =CONCATENATE(A15,"-",B15,"-",C15) -> 18-FEB-CA | E15: Smartwatch | F15: Fitbit | G15: 150 | H15: =IF(G15>=500,"High Price","Standard Price") -> Standard Price | I15: 15 | J15: Electronics
A16: =LEFT(Sheet1!A16,2) -> 16 | B16: =MID(Sheet1!A16,4,3) -> APR | C16: =RIGHT(Sheet1!A16,2) -> ES | D16: =CONCATENATE(A16,"-",B16,"-",C16) -> 16-APR-ES | E16: Headphones | F16: Bose | G16: 250 | H16: =IF(G16>=500,"High Price","Standard Price") -> Standard Price | I16: 20 | J16: Electronics
A17: =LEFT(Sheet1!A17,2) -> 21 | B17: =MID(Sheet1!A17,4,3) -> AUG | C17: =RIGHT(Sheet1!A17,2) -> CA | D17: =CONCATENATE(A17,"-",B17,"-",C17) -> 21-AUG-CA | E17: Laptop Bag | F17: Samsonite | G17: 50 | H17: =IF(G17>=500,"High Price","Standard Price") -> Standard Price | I17: 35 | J17: Accessories
A18: =LEFT(Sheet1!A18,2) -> 20 | B18: =MID(Sheet1!A18,4,3) -> AUG | C18: =RIGHT(Sheet1!A18,2) -> CN | D18: =CONCATENATE(A18,"-",B18,"-",C18) -> 20-AUG-CN | E18: Smartwatch | F18: Huawei | G18: 160 | H18: =IF(G18>=500,"High Price","Standard Price") -> Standard Price | I18: 15 | J18: Electronics
A19: =LEFT(Sheet1!A19,2) -> 27 | B19: =MID(Sheet1!A19,4,3) -> JAN | C19: =RIGHT(Sheet1!A19,2) -> IT | D19: =CONCATENATE(A19,"-",B19,"-",C19) -> 27-JAN-IT | E19: Laptop | F19: Asus | G19: 980 | H19: =IF(G19>=500,"High Price","Standard Price") -> High Price | I19: 10 | J19: Electronics
A20: =LEFT(Sheet1!A20,2) -> 01 | B20: =MID(Sheet1!A20,4,3) -> MAR | C20: =RIGHT(Sheet1!A20,2) -> UK | D20: =CONCATENATE(A20,"-",B20,"-",C20) -> 01-MAR-UK | E20: Sunglasses | F20: Oakley | G20: 150 | H20: =IF(G20>=500,"High Price","Standard Price") -> Standard Price | I20: 15 | J20: Fashion
A21: =LEFT(Sheet1!A21,2) -> 14 | B21: =MID(Sheet1!A21,4,3) -> AUG | C21: =RIGHT(Sheet1!A21,2) -> US | D21: =CONCATENATE(A21,"-",B21,"-",C21) -> 14-AUG-US | E21: Camping Tent | F21: Coleman | G21: 200 | H21: =IF(G21>=500,"High Price","Standard Price") -> Standard Price | I21: 10 | J21: Outdoor
A22: =LEFT(Sheet1!A22,2) -> 14 | B22: =MID(Sheet1!A22,4,3) -> MAY | C22: =RIGHT(Sheet1!A22,2) -> RU | D22: =CONCATENATE(A22,"-",B22,"-",C22) -> 14-MAY-RU | E22: Camera | F22: Nikon | G22: 700 | H22: =IF(G22>=500,"High Price","Standard Price") -> High Price | I22: 50 | J22: Electronics
A23: =LEFT(Sheet1!A23,2) -> 09 | B23: =MID(Sheet1!A23,4,3) -> JAN | C23: =RIGHT(Sheet1!A23,2) -> CA | D23: =CONCATENATE(A23,"-",B23,"-",C23) -> 09-JAN-CA | E23: Microwave | F23: Panasonic | G23: 80 | H23: =IF(G23>=500,"High Price","Standard Price") -> Standard Price | I23: 20 | J23: Kitchen
A24: =LEFT(Sheet1!A24,2) -> 19 | B24: =MID(Sheet1!A24,4,3) -> JUL | C24: =RIGHT(Sheet1!A24,2) -> BR | D24: =CONCATENATE(A24,"-",B24,"-",C24) -> 19-JUL-BR | E24: Fitness Tracker | F24: Xiaomi | G24: 150 | H24: =IF(G24>=500,"High Price","Standard Price") -> Standard Price | I24: 30 | J24: Electronics
A25: =LEFT(Sheet1!A25,2) -> 21 | B25: =MID(Sheet1!A25,4,3) -> AUG | C25: =RIGHT(Sheet1!A25,2) -> CA | D25: =CONCATENATE(A25,"-",B25,"-",C25) -> 21-AUG-CA | E25: Laptop Bag | F25: Samsonite | G25: 50 | H25: =IF(G25>=500,"High Price","Standard Price") -> Standard Price | I25: 35 | J25: Accessories
A26: =LEFT(Sheet1!A26,2) -> 29 | B26: =MID(Sheet1!A26,4,3) -> SEP | C26: =RIGHT(Sheet1!A26,2) -> CA | D26: =CONCATENATE(A26,"-",B26,"-",C26) -> 29-SEP-CA | E26: Smartphone | F26: Google | G26: 800 | H26: =IF(G26>=500,"High Price","Standard Price") -> High Price | I26: 45 | J26: Electronics
... A35: =LEFT(Sheet1!A35,2) -> 09 | B35: =MID(Sheet1!A35,4,3) -> JUL | C35: =RIGHT(Sheet1!A35,2) -> FR | D35: =CONCATENATE(A35,"-",B35,"-",C35) -> 09-JUL-FR | E35: Watch | F35: Casio | G35: 100 | H35: =IF(G35>=500,"High Price","Standard Price") -> Standard Price | I35: 20 | J35: Accessories

Sheet Sheet1
A1: Product ID | B1: Product Name | C1: Brand Name | D1: Price ($) | E1: Quantity | F1: Category
A2: 28-JAN-US | B2: Laptop | C2: Dell | D2: 1000 | E2: 30 | F2: Electronics
A3: 15-FEB-US | B3: Sneakers | C3: Nike | D3: 80 | E3: 15 | F3: Fashion
A4: 03-MAR-US | B4: Coffee Maker | C4: Keurig | D4: 130 | E4: 40 | F4: Kitchen
A5: 11-APR-US | B5: Smartphone | C5: Samsung | D5: 900 | E5: 25 | F5: Electronics
A6: 22-MAY-US | B6: Backpack | C6: North Face | D6: 70 | E6: 20 | F6: Outdoor
A7: 07-JUN-UK | B7: Headphones | C7: Sony | D7: 200 | E7: 45 | F7: Electronics
A8: 19-JUL-UK | B8: T-shirt | C8: Adidas | D8: 30 | E8: 5 | F8: Fashion
A9: 23-AUG-UK | B9: Blender | C9: Ninja | D9: 90 | E9: 35 | F9: Kitchen
A10: 05-SEP-UK | B10: Tablet | C10: Apple | D10: 500 | E10: 50 | F10: Electronics
A11: 14-OCT-UK | B11: Hiking Boots | C11: Timberland | D11: 130 | E11: 10 | F11: Outdoor
A12: 17-JUN-IN | B12: Laptop | C12: HP | D12: 950 | E12: 25 | F12: Electronics
A13: 25-NOV-AU | B13: Sneakers | C13: Adidas | D13: 90 | E13: 40 | F13: Fashion
... A35: 09-JUL-FR | B35: Watch | C35: Casio | D35: 100 | E35: 20 | F35: Accessories
